<?xml version="1.0" encoding="UTF-8"?>
<project-private xmlns="http://www.netbeans.org/ns/project-private/1">
    <editor-bookmarks xmlns="http://www.netbeans.org/ns/editor-bookmarks/2" lastBookmarkId="0"/>
    <open-files xmlns="http://www.netbeans.org/ns/projectui-open-files/2">
        <group>
            <file>file:/C:/Users/Mushaf%20Ali/Documents/NetBeansProjects/lsb2-Cafe/src/lsb2/cafe/listofdish.java</file>
            <file>file:/C:/Users/Mushaf%20Ali/Documents/NetBeansProjects/lsb2-Cafe/src/lsb2/cafe/result.java</file>
            <file>file:/C:/Users/Mushaf%20Ali/Documents/NetBeansProjects/lsb2-Cafe/src/lsb2/cafe/closed.java</file>
            <file>file:/C:/Users/Mushaf%20Ali/Documents/NetBeansProjects/lsb2-Cafe/src/lsb2/cafe/itemslist.java</file>
            <file>file:/C:/Users/Mushaf%20Ali/Documents/NetBeansProjects/lsb2-Cafe/src/lsb2/cafe/staticstuff.java</file>
            <file>file:/C:/Users/Mushaf%20Ali/Documents/NetBeansProjects/lsb2-Cafe/src/lsb2/cafe/order2.java</file>
        </group>
    </open-files>
</project-private>
